{"cameraMode":{"drawMode":2,"name":"Shaded Wireframe","section":"Shading Mode"},"sceneLighting":true,"audioPlay":false,"sceneViewState":{"showFog":true,"showMaterialUpdate":false,"showSkybox":true,"showFlares":true,"showImageEffects":true,"showParticleSystems":true},"in2DMode":false,"pivot":{"x":9.98457145690918,"y":3.0609383583068849,"z":-5.525864124298096},"rotation":{"x":0.044669218361377719,"y":-0.8296797871589661,"z":-0.06709270924329758,"w":-0.5523900985717773},"size":15.203347206115723,"orthographic":false}